Mais;-10.0;Mais
Mais;-10.0;Mais
Mais;-10.0;Mais
Mais;-10.0;Mais
Mais;-10.0;Mais
Mais;-10.0;Mais
Mais;-10.0;Mais
Mais;-10.0;Mais
Mais;-10.0;Mais
Mais;-10.0;Mais
Mais;-10.0;Mais
Mais;-10.0;Mais
Mais;-10.0;Mais
Mais;-10.0;Mais
Mais;-10.0;Mais
Mais;-10.0;Mais
Mais;-10.0;Mais
Mais;-10.0;Mais
Mais;-10.0;Mais
Mais;-10.0;Mais
Mais;-10.0;Mais
Mais;-10.0;Mais
Mais;-10.0;Mais
Mais;-10.0;Mais
Mais;-10.0;Mais
Mais;-10.0;Mais
Mais;-10.0;Mais
Mais;-10.0;Mais
Mais;-10.0;Mais
Mais;-10.0;Mais
Mais;-10.0;Mais
Mais;-10.0;Mais
Mais;-10.0;Mais
Mais;-10.0;Mais
Mais;-10.0;Mais
Mais;-10.0;Mais
Mais;-10.0;Mais
Mais;-10.0;Mais
Mais;-10.0;Mais
Mais;-10.0;Mais
Mais;-10.0;Mais
Mais;-10.0;Mais
Mais;-10.0;Mais
Mais;-10.0;Mais
Mais;-10.0;Mais
Mais;-10.0;Mais
Mais;-10.0;Mais
Mais;-10.0;Mais
Mais;-10.0;Mais
Mais;-10.0;Mais
